equipment_id,category,visible_name_or_description,quantity_if_visible,weight_range_if_visible,adjustability,attachments,exercise_capabilities,important_limitations,confidence,evidence_source
EQ001,Bench,Flat bench with an integrated 4-roller leg extension/leg curl attachment (paired thigh pads + paired ankle rollers mounted on an upright post behind the bench head),1,,"Bench pad appears flat/fixed (no incline pegs visible). Roller arm position may be adjustable for leg length, but the resistance mechanism is bodyweight-only -- no weight stack, pin, or plate-loading point is visible.","Integrated leg extension/leg curl roller pads (fixed to the unit, not removable in the image)",Flat-bench-supported pressing/rowing work; unloaded (bodyweight-resistance) seated leg extension and leg curl,No visible way to add external resistance to the leg attachment -- likely inadequate for an intermediate/advanced trainee's leg curl/extension loading. Not the same physical unit as EQ005 or EQ011.,CONFIRMED,Image 1
EQ002,Cardio Machine,"Indoor cycling / spin bike -- drop handlebars, caged/clip pedals, small handlebar-mounted computer display",1,,"Seat and handlebar height/fore-aft position appear adjustable, consistent with standard spin-bike hardware. Resistance-adjustment mechanism (knob/lever) not clearly legible in the photo.",,Stationary-bike warm-up / steady-state conditioning (canonical EX103),Resistance type (friction vs. magnetic) and console metrics (watts/cadence) not confirmed from the image.,CONFIRMED,Image 1
EQ003,Bodyweight Station,"Freestanding dip station (parallette-style dual-handle dip bar stand, black)",1,,"Height-adjustment pins are visible on the uprights -- height is LIKELY adjustable, exact range not legible.",,Parallel-bar dips; potentially elevated push-up handle use at a low pin setting,"No pull-up bar rail is visible on this specific unit (distinct from the rack's pull-up bar, EQ004) -- cannot confirm it also serves as a pull-up station.",CONFIRMED (presence) / LIKELY (height adjustability),Image 1
EQ004,Rack,Squat/power rack with an integrated multi-grip pull-up bar on top and numbered J-hook adjustment holes on the uprights; an Olympic barbell rests in/on it,1,,J-hook height adjustable via visible numbered peg holes on the upright rail.,Integrated pull-up bar (top); J-hooks,"Barbell back/front squat, rack-supported barbell press, barbell rows/pulls from a hook, pull-up, chin-up",Could not visually confirm whether the barbell rides free in J-hooks or moves within a fixed guided track (Smith-machine-style) -- this materially changes which exercises the rack actually supports (a free squat vs. a Smith-machine squat are different movements). No safety-strap/pin bars clearly visible. FLAGGED FOR USER CONFIRMATION.,"CONFIRMED (structure, pull-up bar) / UNCERTAIN (guided vs. free bar path)",Image 2
EQ005,Bench,"Flat utility bench, simple flat pad, positioned at/under the rack",1,,No incline pegs or adjustment mechanism visible -- appears flat-only.,,"Flat barbell/dumbbell bench press, bench-supported rows and accessory work, functions as a box substitute for step-ups/box squats/box hip bridges",Fixed single height -- cannot replicate true 'box' height variety.,CONFIRMED,Image 2
EQ006,Free Weight,"Olympic barbell, resting in/on the rack",At least 1 (see EQ012 for a possible second),Bar weight not legible/marked; standard Olympic bars are ~45lb/20kg but this is not confirmed for this specific bar.,,,"Barbell squat, deadlift, bench press (with EQ004/EQ005), barbell rows/presses",Exact bar weight/spec unconfirmed.,CONFIRMED (presence) / UNCERTAIN (exact spec),Image 2
EQ007,Free Weight,Weight plates on a plate storage tree/rack (partially visible in mirror reflection),Multiple; exact count not legible,Denominations not legible from the photo,,,Loading for barbell work,Total loadable weight cannot be determined from the available photos.,CONFIRMED (presence) / UNCERTAIN (sizes/quantity),Image 2 (mirror reflection)
EQ008,Accessory,"Stability/exercise balls, gray, one legibly marked size '75'",2,,Fixed size per ball (inflatable); firmness level unknown,,"Stability ball rollout, ball-supported core/bridge/press work",,CONFIRMED,Images 3-4
EQ009,Free Weight,3-tier kettlebell rack with kettlebells,~9 kettlebells visible across the two photos (exact count uncertain due to overlapping/cropped framing),"Legible labels: 25lb/11.3kg, 30lb/13.6kg, 35lb/15.9kg, 40lb/18.1kg, 45lb/20.4kg. Top-tier kettlebells' labels are not legible in either photo -- likely lighter (commonly 10-20lb in this style of rack) but not confirmed.",,,"Broad support for essentially all kettlebell-based canonical exercises: swings, cleans, presses, squats, carries, get-ups, core/halo work","Lightest available kettlebell weight is not confirmed. Whether matching pairs exist for double-kettlebell work (e.g. Double-Kettlebell Squat) is not confirmed, though typical for a stocked commercial rack.","CONFIRMED (presence, 25-45lb range) / UNCERTAIN (full range, pairs)",Images 3-4
EQ010,Free Weight,"Multi-tier dumbbell rack, hex dumbbells: light color-coded (teal/purple/gray) rubber-coated pairs at the light end, black rubber hex pairs increasing to at least 45-50lb","Roughly a dozen or more pairs visible/implied across the two photos; exact count uncertain, rack continues past frame edge in both images","Light end: color-coded, likely in the ~2-12lb range but denominations not legible. Heavy end: legibly marked 45lb and 50lb visible; true top of the range beyond the frame edge is not confirmed (could plausibly extend higher, but this is not evidenced).",,,"Broad support for essentially all dumbbell-based canonical exercises: presses, rows, squats, lunges, carries, core work, at light-to-moderately-heavy loads","Confirmed top-of-range is 50lb; heavier work is unconfirmed availability, not confirmed absence. Exact light-end denominations unconfirmed.","CONFIRMED (presence, confirmed range ~light-to-50lb) / UNCERTAIN (full range)",Images 3-4
EQ011,Bench,"A second, distinct bench with a two-piece contoured seat/back pad (narrower seat, wider backrest) near the dumbbell/kettlebell area",1,,"The two-piece seat/back pad construction is the typical visual signature of an incline-capable bench, but no photo shows it set to an inclined position and no adjustment pin/lever is clearly visible -- incline capability is LIKELY, not CONFIRMED.",,Flat bench work confirmed. Incline-dependent work (e.g. incline dumbbell press) only if incline-adjustability is confirmed.,Incline mechanism unverified from photos -- flagged for user confirmation before relying on it for incline-specific programming.,CONFIRMED (presence) / LIKELY (incline adjustability),Images 3-4
EQ012,Free Weight,"A second loaded barbell (small plates), resting loose on the floor near a stability ball, not racked","1 (possibly the same physical bar as EQ006, photographed at a different time/location -- cannot rule out duplication)",Small plates loaded; denominations not legible,,,Same as EQ006 if genuinely a distinct bar,Distinctness from EQ006 is unconfirmed.,CONFIRMED (a loaded barbell is visible here) / UNCERTAIN (whether distinct from EQ006),Image 3
EQ013,Accessory,"Aeromat-branded folding exercise mats (thick foam, blue/gray), stored standing upright",2-3 units stacked/leaning together,,,,Floor padding for core/mobility/get-up work,"Based on brand and shape these read as folding floor mats, not aerobic step risers -- should not be assumed to provide adjustable step height.","CONFIRMED (presence) / LIKELY (mat, not riser)",Images 3-4
EQ014,Machine,"A cable/selectorized weight-stack machine, partially visible in a background mirror reflection",At least 1 unit visibly implied,,UNKNOWN,UNKNOWN,UNKNOWN from image alone -- see EQ017-EQ021 for the specific functions Nelson has stated verbally,"Image resolution/angle insufficient to identify machine type, function, or weight-stack range.",LIKELY,"Image 4 (mirror reflection, indistinct)"
EQ015,Cardio Machine,Treadmill,,,Standard treadmill speed/incline controls assumed,,Cardio warm-up/conditioning (not part of the canonical strength-exercise library in V0),,CONFIRMED -- visible in mirror reflection (person actively using it) and independently user-stated,Image 4 + user statement
EQ016,Cardio Machine,Elliptical / cross-trainer-type cardio machine,,,,,Cardio warm-up/conditioning,Shape is indistinct in the mirror reflections; identification leans mainly on the user's own statement rather than clear visual confirmation.,"LIKELY (visual, indistinct) / CONFIRMED (user-stated)","Images 2 & 4 (mirror, indistinct) + user statement"
EQ017,Machine,Cable chest press station,1,,"UNKNOWN -- assumed fixed-path selectorized machine, not confirmed",UNKNOWN,Machine chest press,"Not independently visible in the provided photos. Weight-stack range, seat adjustability, and whether this is a fixed single-purpose station or part of an adjustable functional trainer are all unconfirmed.",CONFIRMED_USER_STATED (not visually confirmed),User statement
EQ018,Machine,Cable row station,1,,UNKNOWN,UNKNOWN,Machine seated row,Same visual-confirmation gap as EQ017. Whether this station has a low/adjustable pulley (which would open up additional exercises like Squat to Cable Row) is unconfirmed.,CONFIRMED_USER_STATED (not visually confirmed),User statement
EQ019,Machine,Cable shoulder press station,1,,UNKNOWN,UNKNOWN,Machine shoulder press,Same visual-confirmation gap as EQ017.,CONFIRMED_USER_STATED (not visually confirmed),User statement
EQ020,Machine,Cable/machine hamstring leg curl station,1,,UNKNOWN (seated vs. lying/prone configuration not specified),UNKNOWN,Machine hamstring leg curl,Same visual-confirmation gap as EQ017.,CONFIRMED_USER_STATED (not visually confirmed),User statement
EQ021,Machine,Cable/machine squat station,1,,UNKNOWN,UNKNOWN,Machine-assisted/guided squat pattern,"Unusual equipment pairing ('cable squat') -- could plausibly be a belt-squat machine, a hack-squat/leg-press unit, or a cable-resisted squat attachment; the exact mechanism is unconfirmed and matters for how it maps to the canonical squat-family exercises. FLAGGED FOR USER CLARIFICATION.","CONFIRMED_USER_STATED (not visually confirmed, mechanism ambiguous)",User statement
EQ022,Cardio Machine,Stairstepper / stair-climber machine,,,,,Cardio warm-up/conditioning,Not visible in any provided photo.,CONFIRMED_USER_STATED (NOT VISIBLE in photos),User statement
